id;order_id;customer;begin_time;dead_line;status;details
1;portal input;synthesize holistic payment;2020-03-19T13:20:37;2020-03-19T10:53:23;Danish Krone;upward-trending connect
2;Keys Buckinghamshire;Orchestrator virtual;2020-03-19T22:43:42;2020-03-19T05:55:28;open-source Outdoors;Investment Account Tools
3;Personal Loan Account feed;Oval online;2020-03-19T23:59:39;2020-03-19T17:06:14;Wooden Path Factors;multi-tasking Small Soft Salad
4;generate;Pound Sterling;2020-03-19T04:12:48;2020-03-19T20:07:08;Auto Loan Account Awesome Grove;client-server Bedfordshire
5;Gorgeous Regional;Brand;2020-03-19T16:02:30;2020-03-19T10:37:28;solid state protocol;programming Health RSS
6;channels;Personal Loan Account application;2020-03-19T10:41:42;2020-03-19T07:08:31;Games TCP;Pennsylvania Uruguay
7;virtual intuitive;multi-state Libyan Dinar;2020-03-19T04:57:31;2020-03-19T07:18:05;solid state bypassing;Table
8;Specialist;Director ADP Ball;2020-03-19T12:43:58;2020-03-19T03:24:02;hacking;GB primary
9;Response;Concrete;2020-03-19T18:34:01;2020-03-19T03:21:02;product cohesive;Denar
10;Money Market Account;Mouse back up Strategist;2020-03-19T07:02:52;2020-03-19T22:08:20;SDR payment;gold Refined Granite Chips quantifying
